epoch,loss,acc
1,61.14865,22.68519
2,83.78378,21.75926
3,93.58108,29.62963
4,98.31081,29.16667
5,98.64865,28.70370
epoch,loss,acc
6,100.00000,93.05556
epoch,loss,acc
epoch,loss,acc
7,100.00000,14.48413
epoch,loss,acc
epoch,loss,acc
epoch,loss,acc
21,0.00000,3.49099
epoch,loss,acc
epoch,loss,acc
22,0.00000,1.78571
