epoch,loss,acc
epoch,loss,acc
1,55.55556,73.33333
2,84.72222,87.22222
3,98.61111,93.33333
4,95.83333,93.33333
epoch,loss,acc
5,0.00000,52.06553
epoch,loss,acc
6,0.00000,91.66667
