epoch,loss,acc
1,0.00000,8.33333
epoch,loss,acc
epoch,loss,acc
1,87.10938,98.33333
2,98.43750,99.16667
epoch,loss,acc
3,0.00000,30.84046
epoch,loss,acc
4,0.00000,97.72727
