epoch,loss,acc
epoch,loss,acc
7,98.15341,0.00000
8,99.14773,0.00000
9,99.57386,0.00000
epoch,loss,acc
1,92.47159,99.16667
epoch,loss,acc
2,100.00000,43.58974
epoch,loss,acc
3,100.00000,96.92982
epoch,loss,acc
epoch,loss,acc
4,100.00000,42.46032
