epoch,loss,acc
epoch,loss,acc
8,0.00000,91.66667
epoch,loss,acc
9,0.00000,59.12698
epoch,loss,acc
10,0.00000,31.94444
epoch,loss,acc
11,0.00000,91.66667
