epoch,loss,acc
1,90.45139,98.61111
epoch,loss,acc
epoch,loss,acc
1,90.35714,99.19355
epoch,loss,acc
1,0.00000,40.67460
epoch,loss,acc
1,0.00000,52.19298
epoch,loss,acc
1,0.00000,49.58333
