epoch,loss,acc
epoch,loss,acc
epoch,loss,acc
66,98.54470,91.85185
67,98.96050,90.00000
68,99.53222,91.29630
69,99.22037,90.74074
70,99.48025,91.66667
71,99.58420,91.11111
72,99.84407,90.74074
73,99.79210,92.03704
74,100.00000,91.48148
75,99.74012,91.11111
76,99.74012,91.48148
77,99.79210,91.66667
78,99.79210,92.22222
79,99.74012,91.66667
80,99.94802,92.03704
81,99.84407,91.48148
82,99.84407,91.29630
83,99.89605,91.66667
epoch,loss,acc
84,100.00000,73.53604
85,100.00000,73.53604
