epoch,loss,acc
1,61.33815,99.26441
2,98.86226,95.16617
epoch,loss,acc
3,0.00000,41.98048
epoch,loss,acc
4,0.00000,88.90023
