epoch,loss,acc
1,60.00000,66.66667
2,91.78571,84.37500
3,96.42857,86.45833
4,96.78571,94.79167
5,98.21429,96.87500
epoch,loss,acc
epoch,loss,acc
6,0.00000,24.77778
epoch,loss,acc
epoch,loss,acc
epoch,loss,acc
7,0.00000,76.04167
