epoch,loss,acc
epoch,loss,acc
1,90.44715,90.47619
2,95.73171,89.88095
3,98.88211,90.47619
epoch,loss,acc
4,0.00000,63.46154
epoch,loss,acc
epoch,loss,acc
5,0.00000,63.64276
epoch,loss,acc
epoch,loss,acc
6,0.00000,91.66667
epoch,loss,acc
9,0.00000,88.88889
