epoch,loss,acc
13,100.00000,87.50000
epoch,loss,acc
14,98.21429,95.98765
15,98.57143,92.90123
16,98.57143,95.98765
17,99.64286,95.98765
epoch,loss,acc
18,100.00000,63.13559
epoch,loss,acc
19,100.00000,92.70833
