epoch,loss,acc
epoch,loss,acc
15,99.68750,82.91667
16,99.45312,83.33333
17,99.68750,82.91667
epoch,loss,acc
epoch,loss,acc
18,100.00000,71.55556
epoch,loss,acc
epoch,loss,acc
19,100.00000,73.05936
epoch,loss,acc
epoch,loss,acc
20,100.00000,95.83333
