epoch,loss,acc
epoch,loss,acc
epoch,loss,acc
1,21.00201,19.97314
epoch,loss,acc
1,55.36159,92.99926
2,96.41232,96.37008
epoch,loss,acc
3,0.00000,11.26812
epoch,loss,acc
1,61.08924,91.25575
