epoch,loss,acc
epoch,loss,acc
epoch,loss,acc
epoch,loss,acc
epoch,loss,acc
epoch,loss,acc
1,66.86144,80.56068
2,96.99473,84.31275
epoch,loss,acc
3,99.49975,83.38650
epoch,loss,acc
4,99.48732,84.15267
5,99.67764,84.06022
epoch,loss,acc
epoch,loss,acc
6,0.00000,63.11252
epoch,loss,acc
epoch,loss,acc
7,0.00000,70.31463
epoch,loss,acc
1,66.69074,87.83968
2,94.67842,88.37590
3,98.95707,88.74234
