epoch,loss,acc
2,0.00000,65.58485
epoch,loss,acc
3,0.00000,88.53094
epoch,loss,acc
1,67.89126,89.29076
2,98.37743,96.06112
epoch,loss,acc
3,0.00000,24.35259
epoch,loss,acc
epoch,loss,acc
1,67.25864,89.31662
2,97.61511,90.60124
3,98.53820,90.72986
epoch,loss,acc
epoch,loss,acc
epoch,loss,acc
4,0.00000,72.53944
epoch,loss,acc
epoch,loss,acc
5,0.00000,86.00277
