epoch,loss,acc
epoch,loss,acc
1,71.26202,97.25742
2,98.23076,93.37858
epoch,loss,acc
3,0.00000,77.63099
epoch,loss,acc
4,0.00000,76.03741
