epoch,loss,acc
7,99.07749,92.70833
epoch,loss,acc
8,0.00000,62.37693
