epoch,loss,acc
12,99.01575,91.12903
13,99.80315,91.93548
epoch,loss,acc
14,100.00000,77.03373
epoch,loss,acc
epoch,loss,acc
15,100.00000,88.54167
