epoch,loss,acc
epoch,loss,acc
10,99.32229,80.83333
epoch,loss,acc
11,100.00000,82.08333
12,99.62349,81.66667
epoch,loss,acc
13,100.00000,68.44444
epoch,loss,acc
14,100.00000,92.65873
