epoch,loss,acc
epoch,loss,acc
epoch,loss,acc
5,96.39769,88.02083
6,97.91066,89.06250
7,98.91931,91.66667
epoch,loss,acc
8,100.00000,65.18987
epoch,loss,acc
9,100.00000,93.88889
