epoch,loss,acc
1,1.60643,4.40000
2,9.43775,10.90000
3,26.00402,13.50000
epoch,loss,acc
epoch,loss,acc
