epoch,loss,acc
epoch,loss,acc
1,32.54717,44.79167
2,46.22642,59.37500
3,47.64151,40.62500
4,51.41509,47.91667
5,58.01887,42.70833
6,55.18868,42.70833
