epoch,loss,acc
1,71.42857,50.00000
2,50.00000,50.00000
3,50.00000,55.55556
4,57.14286,50.00000
5,42.85714,66.66667
6,78.57143,100.00000
7,100.00000,100.00000
8,92.85714,83.33333
9,92.85714,100.00000
10,100.00000,100.00000
11,92.85714,100.00000
12,100.00000,100.00000
13,100.00000,100.00000
14,100.00000,100.00000
15,100.00000,100.00000
16,100.00000,100.00000
17,100.00000,100.00000
18,100.00000,100.00000
19,100.00000,100.00000
20,100.00000,100.00000
