epoch,loss,acc
1,5.71429,27.50000
2,14.28571,10.00000
3,37.14286,17.50000
4,21.42857,25.00000
5,67.14286,51.66667
6,68.57143,48.33333
7,84.28571,23.33333
8,90.00000,52.50000
9,95.71429,51.66667
10,91.42857,55.00000
11,98.57143,64.16667
12,95.71429,66.66667
13,98.57143,61.66667
14,100.00000,54.16667
15,100.00000,58.33333
16,100.00000,60.83333
17,100.00000,60.83333
18,100.00000,60.83333
19,100.00000,60.83333
20,100.00000,60.83333
