epoch,loss,acc
1,9.24370,17.20430
epoch,loss,acc
1,10.00000,25.83333
2,17.89683,24.16667
