epoch,loss,acc
1,10.27778,28.12500
2,18.61111,35.41667
3,22.50000,30.90278
4,24.44444,35.41667
5,24.72222,32.98611
6,25.00000,40.62500
7,30.27778,40.62500
8,33.33333,39.58333
9,38.61111,43.75000
10,39.44444,48.26389
11,43.05556,39.58333
12,47.50000,43.05556
13,52.22222,46.18056
14,53.88889,53.47222
15,63.05556,53.47222
16,65.55556,54.16667
17,68.61111,50.00000
18,67.77778,48.95833
19,74.72222,47.91667
20,70.83333,47.91667
epoch,loss,acc
